data,filter1,filter2,time,train_parameters,nontrain_parameters
normal,48,128,580.1302669048309,795937,352
normal,48,192,569.9297275543213,1180705,480
normal,48,256,561.5599889755249,1570593,608
normal,64,128,519.8737223148346,1057665,384
normal,64,192,526.127268075943,1566337,512
normal,64,256,538.9943354129791,2080129,640
normal,96,128,543.2780573368073,1581121,448
normal,96,192,552.737021446228,2337601,576
normal,96,256,575.0096981525421,3099201,704
